0: jdbc:hive2://>create table ratings(userid int,movieid int,rating int,timestmp int) row format delimited 
fields terminated by ',';


0: jdbc:hive2://> load data local inpath '/home/tech/dataset/ratings.csv' overwrite into table ratings;


0: jdbc:hive2://> select *from ratings limit 50;
OK
+-----------------+------------------+-----------------+-------------------+
| ratings.userid  | ratings.movieid  | ratings.rating  | ratings.timestmp  |
+-----------------+------------------+-----------------+-------------------+
| NULL            | NULL             | NULL            | NULL              |
| 1               | 1                | 4.00            | 964982703         |
| 1               | 3                | 4.00            | 964981247         |
| 1               | 6                | 4.00            | 964982224         |
| 1               | 47               | 5.00            | 964983815         |
| 1               | 50               | 5.00            | 964982931         |
| 1               | 70               | 3.00            | 964982400         |
| 1               | 101              | 5.00            | 964980868         |
| 1               | 110              | 4.00            | 964982176         |
| 1               | 151              | 5.00            | 964984041         |
| 1               | 157              | 5.00            | 964984100         |
| 1               | 163              | 5.00            | 964983650         |
| 1               | 216              | 5.00            | 964981208         |
| 1               | 223              | 3.00            | 964980985         |
| 1               | 231              | 5.00            | 964981179         |
| 1               | 235              | 4.00            | 964980908         |
| 1               | 260              | 5.00            | 964981680         |
| 1               | 296              | 3.00            | 964982967         |
| 1               | 316              | 3.00            | 964982310         |
| 1               | 333              | 5.00            | 964981179         |
| 1               | 349              | 4.00            | 964982563         |
| 1               | 356              | 4.00            | 964980962         |
| 1               | 362              | 5.00            | 964982588         |
| 1               | 367              | 4.00            | 964981710         |
| 1               | 423              | 3.00            | 964982363         |
| 1               | 441              | 4.00            | 964980868         |
| 1               | 457              | 5.00            | 964981909         |
| 1               | 480              | 4.00            | 964982346         |
| 1               | 500              | 3.00            | 964981208         |
| 1               | 527              | 5.00            | 964984002         |
| 1               | 543              | 4.00            | 964981179         |
| 1               | 552              | 4.00            | 964982653         |
| 1               | 553              | 5.00            | 964984153         |
| 1               | 590              | 4.00            | 964982546         |
| 1               | 592              | 4.00            | 964982271         |
| 1               | 593              | 4.00            | 964983793         |
| 1               | 596              | 5.00            | 964982838         |
| 1               | 608              | 5.00            | 964982931         |
| 1               | 648              | 3.00            | 964982563         |
| 1               | 661              | 5.00            | 964982838         |
| 1               | 673              | 3.00            | 964981775         |
| 1               | 733              | 4.00            | 964982400         |
| 1               | 736              | 3.00            | 964982653         |
| 1               | 780              | 3.00            | 964984086         |
| 1               | 804              | 4.00            | 964980499         |
| 1               | 919              | 5.00            | 964982475         |
| 1               | 923              | 5.00            | 964981529         |
| 1               | 940              | 5.00            | 964982176         |
| 1               | 943              | 4.00            | 964983614         |
| 1               | 954              | 5.00            | 964983219         |
+-----------------+------------------+-----------------+-------------------+
50 rows selected (0.166 seconds)

0: jdbc:hive2://> select rating,count(rating) count from ratings group by rating;

OK
+---------+--------+
| rating  | count  |
+---------+--------+
| NULL    | 0      |
| 0.50    | 1370   |
| 1.00    | 2811   |
| 1.50    | 1791   |
| 2.00    | 7551   |
| 2.50    | 5550   |
| 3.00    | 20047  |
| 3.50    | 13136  |
| 4.00    | 26818  |
| 4.50    | 8551   |
| 5.00    | 13211  |
+---------+--------+
11 rows selected (20.041 seconds)